{
    "focal": [
        31995.1171875,
        31995.116424560547
    ],
    "princpt": [
        1105.46,
        566.899970703125
    ]
}