{
    "focal": [
        27293.619791666668,
        27293.619441986084
    ],
    "princpt": [
        1111.44,
        585.0999865722656
    ]
}