{
    "focal": [
        29101.888020833336,
        29101.88751220703
    ],
    "princpt": [
        1109.14,
        578.09998046875
    ]
}