{
    "focal": [
        29825.1953125,
        29825.19474029541
    ],
    "princpt": [
        1108.22,
        575.2999780273437
    ]
}