{
    "focal": [
        30548.50260416667,
        30548.50196838379
    ],
    "princpt": [
        1107.3,
        572.4999755859375
    ]
}