{
    "focal": [
        26931.966145833336,
        26931.965827941895
    ],
    "princpt": [
        1111.9,
        586.4999877929688
    ]
}