{
    "focal": [
        29463.541666666668,
        29463.541126251217
    ],
    "princpt": [
        1108.68,
        576.6999792480468
    ]
}