{
    "focal": [
        28378.58072916667,
        28378.580284118652
    ],
    "princpt": [
        1110.06,
        580.8999829101563
    ]
}