{
    "focal": [
        30910.15625,
        30910.15558242798
    ],
    "princpt": [
        1106.84,
        571.0999743652344
    ]
}