{
    "focal": [
        24400.390625,
        24400.39052963257
    ],
    "princpt": [
        1115.12,
        596.2999963378907
    ]
}