{
    "focal": [
        25485.3515625,
        25485.351371765137
    ],
    "princpt": [
        1113.74,
        592.0999926757812
    ]
}