{
    "focal": [
        25847.005208333336,
        25847.004985809326
    ],
    "princpt": [
        1113.28,
        590.6999914550781
    ]
}