{
    "focal": [
        28740.234375,
        28740.23389816284
    ],
    "princpt": [
        1109.6,
        579.4999816894531
    ]
}