{
    "focal": [
        31271.809895833336,
        31271.809196472168
    ],
    "princpt": [
        1106.3799999999999,
        569.6999731445312
    ]
}