{
    "focal": [
        23677.083333333336,
        23677.08330154419
    ],
    "princpt": [
        1116.04,
        599.0999987792969
    ]
}