{
    "focal": [
        26208.658854166668,
        26208.658599853516
    ],
    "princpt": [
        1112.82,
        589.299990234375
    ]
}