{
    "focal": [
        28016.927083333336,
        28016.926670074463
    ],
    "princpt": [
        1110.52,
        582.2999841308595
    ]
}