{
    "focal": [
        27655.2734375,
        27655.273056030273
    ],
    "princpt": [
        1110.98,
        583.6999853515624
    ]
}