{
    "focal": [
        32356.770833333336,
        32356.770038604736
    ],
    "princpt": [
        1105.0,
        565.4999694824219
    ]
}