{
    "focal": [
        31633.46354166667,
        31633.462810516357
    ],
    "princpt": [
        1105.92,
        568.2999719238281
    ]
}