{
    "focal": [
        24762.044270833336,
        24762.044143676758
    ],
    "princpt": [
        1114.66,
        594.8999951171875
    ]
}