{
    "focal": [
        24038.736979166664,
        24038.73691558838
    ],
    "princpt": [
        1115.58,
        597.6999975585937
    ]
}