{
    "focal": [
        26570.3125,
        26570.312213897705
    ],
    "princpt": [
        1112.3600000000001,
        587.8999890136719
    ]
}