{
    "focal": [
        30186.848958333336,
        30186.8483543396
    ],
    "princpt": [
        1107.76,
        573.8999768066406
    ]
}