{
    "focal": [
        25123.697916666664,
        25123.697757720947
    ],
    "princpt": [
        1114.2,
        593.4999938964844
    ]
}